{"dataset": "Fold 1", "precision": 0.43103448275862066, "recall": 0.75, "fpr": 0.11320754716981132, "iou": 0.2, "probability": 0.5}