{"dataset": "Fold 1", "precision": 0.6541284403669725, "recall": 0.86, "fpr": 0.26508226691042047, "iou": 0.2, "probability": 0.5}